Workbook

Sheet Criteria & Weights
A1: ICP Scoring Model — Aviation Robotics Company
A2: Precision drilling & descrewing robotics, commercialized from Air Force STRATFI-funded R&D
A4: Legend: edit only the yellow Weight cells below. Weights must sum to 100%. Everything else on this sheet is reference text for the sales team.
A6: Criterion | B6: Weight | C6: Score 1 (Low Fit) | D6: Score 3 (Moderate Fit) | E6: Score 5 (Strong Fit)
A7: Production Line / Robotic Cell Volume | B7: 0.25 | C7: Fewer than 5 robotic cells or production lines in service | D7: 5–19 robotic cells or lines, single facility | E7: 20+ robotic cells/lines in active service, or multi-facility deployment
A8: Compliance Exposure | B8: 0.25 | C8: No relevant quality or defense-adjacent certification requirement | D8: Certification in progress, or required but not yet enforced | E8: ISO 9001/AS9100 certified, or active DoD prime/subcontractor status
A9: Maintenance Model | B9: 0.15 | C9: Fully outsourced tooling maintenance, no internal ops touchpoint | D9: Mixed internal/external maintenance, unclear ownership | E9: In-house maintenance/tooling team supplemented by outside vendors
A10: Growth Signal | B10: 0.15 | C10: No recent growth, expansion, or new program signal | D10: Some growth activity, timeline unconfirmed | E10: Recent contract award, facility expansion, or new production ramp
A11: Budget Authority Location | B11: 0.2 | C11: No identifiable budget holder for tooling/maintenance spend | D11: Budget holder identified below director level | E11: Director of Manufacturing Ops or Robotics Program Manager identified
A12: Total | B12: =SUM(B7:B11) -> 1
A14: Note: weights above are illustrative starting points based on comparable industrial-robotics ICP frameworks — recalibrate against your own closed-won accounts once you have 15-20 scored deals.

Sheet Account Scorecard
A1: Account Scorecard — Aviation Robotics Company
A2: Legend: fill in the yellow cells (Account Name, Segment, and the five 1–5 scores). Weighted Total and Fit Tier calculate automatically from the weights on the 'Criteria & Weights' tab. Row 4 is a filled-in example.
A4: Account Name | B4: Segment / Notes | C4: Production Volume (1-5) | D4: Compliance Exposure (1-5) | E4: Maintenance Model (1-5) | F4: Growth Signal (1-5) | G4: Budget Authority (1-5) | H4: Weighted Total | I4: Fit Tier | J4: Entry Point Recommended | K4: Next Action
A5: Ridgeline Aerostructures (example) | B5: Tier-1 aircraft structures supplier, Southeast US | C5: 5 | D5: 5 | E5: 4 | F5: 5 | G5: 3 | H5: =C5*'Criteria & Weights'!$B$7+D5*'Criteria & Weights'!$B$8+E5*'Criteria & Weights'!$B$9+F5*'Criteria & Weights'!$B$10+G5*'Criteria & Weights'!$B$11 -> 4.45 | I5: =IF(H5>=4,"Priority Target",IF(H5>=3,"Qualified","Not Fit")) -> Priority Target | J5: =IF(H5>=4,"Executive (direct)",IF(H5>=3,"Technical or Procurement","Nurture only")) -> Executive (direct) | K5: Book intro call with Director of Manufacturing Ops
H6: =IF(C6="","",C6*'Criteria & Weights'!$B$7+D6*'Criteria & Weights'!$B$8+E6*'Criteria & Weights'!$B$9+F6*'Criteria & Weights'!$B$10+G6*'Criteria & Weights'!$B$11) | I6: =IF(H6="","",IF(H6>=4,"Priority Target",IF(H6>=3,"Qualified","Not Fit"))) | J6: =IF(H6="","",IF(H6>=4,"Executive (direct)",IF(H6>=3,"Technical or Procurement","Nurture only")))
H7: =IF(C7="","",C7*'Criteria & Weights'!$B$7+D7*'Criteria & Weights'!$B$8+E7*'Criteria & Weights'!$B$9+F7*'Criteria & Weights'!$B$10+G7*'Criteria & Weights'!$B$11) | I7: =IF(H7="","",IF(H7>=4,"Priority Target",IF(H7>=3,"Qualified","Not Fit"))) | J7: =IF(H7="","",IF(H7>=4,"Executive (direct)",IF(H7>=3,"Technical or Procurement","Nurture only")))
H8: =IF(C8="","",C8*'Criteria & Weights'!$B$7+D8*'Criteria & Weights'!$B$8+E8*'Criteria & Weights'!$B$9+F8*'Criteria & Weights'!$B$10+G8*'Criteria & Weights'!$B$11) | I8: =IF(H8="","",IF(H8>=4,"Priority Target",IF(H8>=3,"Qualified","Not Fit"))) | J8: =IF(H8="","",IF(H8>=4,"Executive (direct)",IF(H8>=3,"Technical or Procurement","Nurture only")))
H9: =IF(C9="","",C9*'Criteria & Weights'!$B$7+D9*'Criteria & Weights'!$B$8+E9*'Criteria & Weights'!$B$9+F9*'Criteria & Weights'!$B$10+G9*'Criteria & Weights'!$B$11) | I9: =IF(H9="","",IF(H9>=4,"Priority Target",IF(H9>=3,"Qualified","Not Fit"))) | J9: =IF(H9="","",IF(H9>=4,"Executive (direct)",IF(H9>=3,"Technical or Procurement","Nurture only")))
H10: =IF(C10="","",C10*'Criteria & Weights'!$B$7+D10*'Criteria & Weights'!$B$8+E10*'Criteria & Weights'!$B$9+F10*'Criteria & Weights'!$B$10+G10*'Criteria & Weights'!$B$11) | I10: =IF(H10="","",IF(H10>=4,"Priority Target",IF(H10>=3,"Qualified","Not Fit"))) | J10: =IF(H10="","",IF(H10>=4,"Executive (direct)",IF(H10>=3,"Technical or Procurement","Nurture only")))
H11: =IF(C11="","",C11*'Criteria & Weights'!$B$7+D11*'Criteria & Weights'!$B$8+E11*'Criteria & Weights'!$B$9+F11*'Criteria & Weights'!$B$10+G11*'Criteria & Weights'!$B$11) | I11: =IF(H11="","",IF(H11>=4,"Priority Target",IF(H11>=3,"Qualified","Not Fit"))) | J11: =IF(H11="","",IF(H11>=4,"Executive (direct)",IF(H11>=3,"Technical or Procurement","Nurture only")))
H12: =IF(C12="","",C12*'Criteria & Weights'!$B$7+D12*'Criteria & Weights'!$B$8+E12*'Criteria & Weights'!$B$9+F12*'Criteria & Weights'!$B$10+G12*'Criteria & Weights'!$B$11) | I12: =IF(H12="","",IF(H12>=4,"Priority Target",IF(H12>=3,"Qualified","Not Fit"))) | J12: =IF(H12="","",IF(H12>=4,"Executive (direct)",IF(H12>=3,"Technical or Procurement","Nurture only")))
H13: =IF(C13="","",C13*'Criteria & Weights'!$B$7+D13*'Criteria & Weights'!$B$8+E13*'Criteria & Weights'!$B$9+F13*'Criteria & Weights'!$B$10+G13*'Criteria & Weights'!$B$11) | I13: =IF(H13="","",IF(H13>=4,"Priority Target",IF(H13>=3,"Qualified","Not Fit"))) | J13: =IF(H13="","",IF(H13>=4,"Executive (direct)",IF(H13>=3,"Technical or Procurement","Nurture only")))
H14: =IF(C14="","",C14*'Criteria & Weights'!$B$7+D14*'Criteria & Weights'!$B$8+E14*'Criteria & Weights'!$B$9+F14*'Criteria & Weights'!$B$10+G14*'Criteria & Weights'!$B$11) | I14: =IF(H14="","",IF(H14>=4,"Priority Target",IF(H14>=3,"Qualified","Not Fit"))) | J14: =IF(H14="","",IF(H14>=4,"Executive (direct)",IF(H14>=3,"Technical or Procurement","Nurture only")))
H15: =IF(C15="","",C15*'Criteria & Weights'!$B$7+D15*'Criteria & Weights'!$B$8+E15*'Criteria & Weights'!$B$9+F15*'Criteria & Weights'!$B$10+G15*'Criteria & Weights'!$B$11) | I15: =IF(H15="","",IF(H15>=4,"Priority Target",IF(H15>=3,"Qualified","Not Fit"))) | J15: =IF(H15="","",IF(H15>=4,"Executive (direct)",IF(H15>=3,"Technical or Procurement","Nurture only")))
